Cycle start time,Cycle end time,Cycle timezone,Recovery score %,Resting heart rate (bpm),Heart rate variability (ms),Skin temp (celsius),Blood oxygen %,Day Strain,Energy burned (cal),Max HR (bpm),Average HR (bpm),Sleep onset,Wake onset,Sleep performance %,Respiratory rate (rpm),Asleep duration (min),In bed duration (min),Light sleep duration (min),Deep (SWS) duration (min),REM duration (min),Awake duration (min),Sleep need (min),Sleep debt (min),Sleep efficiency %,Sleep consistency %
2026-07-10 01:17:37,,UTC+05:00,29,48,46,34.43,94.62,,,,,2026-07-10 01:17:37,2026-07-10 10:00:36,83,16.6,452,522,255,98,99,70,581,113,86,85
2026-07-09 01:37:07,2026-07-10 01:17:37,UTC+05:00,79,48,93,34.42,95.30,4.5,1899,126,56,2026-07-09 01:37:07,2026-07-09 09:36:59,73,16.7,399,479,252,64,83,80,626,115,83,79
2026-07-08 01:30:06,2026-07-09 01:37:07,UTC+05:00,53,47,58,34.23,95.20,16.2,2510,174,60,2026-07-08 01:30:06,2026-07-08 10:07:54,75,16.9,430,517,255,104,71,87,610,100,85,66
2026-07-07 01:45:30,2026-07-08 01:30:06,UTC+05:00,80,48,86,34.44,95.22,16.2,2498,173,62,2026-07-07 01:45:30,2026-07-07 07:51:49,67,16.8,323,366,152,100,71,43,524,0,88,46
2026-07-06 00:17:27,2026-07-07 01:45:30,UTC+05:00,77,47,77,33.63,95.73,18.2,3110,177,64,2026-07-06 00:17:27,2026-07-06 12:15:52,83,16.3,659,718,333,100,226,59,577,95,91,58
2026-07-05 01:48:42,2026-07-06 01:17:27,UTC+06:00,,,,,,11.3,2019,126,65,,,,,,,,,,,,,,
2026-07-04 03:39:54,2026-07-05 00:48:42,UTC+05:00,59,46,66,33.63,94.33,16.3,2604,179,67,2026-07-04 03:39:54,2026-07-04 12:05:27,74,16.7,432,505,225,90,117,73,581,114,85,54
2026-07-03 00:48:42,2026-07-04 03:39:54,UTC+05:00,91,46,94,33.69,95.00,4.2,2131,121,53,2026-07-03 00:48:42,2026-07-03 09:34:13,76,16.2,438,525,244,85,109,87,616,127,83,77
2026-07-02 03:57:13,2026-07-03 00:48:42,UTC+05:00,45,46,61,33.83,93.55,12.8,2223,161,59,2026-07-02 03:57:13,2026-07-02 09:54:51,59,16.2,306,357,176,66,64,51,590,112,85,66
2026-07-01 01:20:29,2026-07-02 03:57:13,UTC+05:00,90,47,90,33.78,94.18,10.2,2421,170,60,2026-07-01 01:20:29,2026-07-01 09:32:33,84,16.5,436,492,227,99,110,56,612,90,88,88
2026-06-30 01:38:57,2026-07-01 01:20:29,UTC+05:00,58,44,60,34.09,92.69,17.8,2818,171,61,2026-06-30 01:38:57,2026-06-30 09:47:15,81,16.7,421,488,204,110,107,67,562,94,86,83
2026-06-29 01:43:55,2026-06-30 01:38:57,UTC+05:00,27,46,36,34.27,94.67,4.2,1905,130,52,2026-06-29 01:43:55,2026-06-29 08:56:34,79,16.7,384,432,200,120,64,48,531,64,88,70
2026-06-28 01:16:23,2026-06-29 01:43:55,UTC+05:00,21,49,32,34.31,96.14,3.9,1950,107,55,2026-06-28 01:16:23,2026-06-28 10:47:35,80,16.6,496,571,228,142,126,75,596,95,86,70
2026-06-27 02:00:19,2026-06-28 01:16:23,UTC+05:00,45,47,56,34.30,91.67,14.9,2300,172,58,2026-06-27 02:00:19,2026-06-27 10:15:40,72,17.0,375,495,183,87,105,120,524,10,81,66
2026-06-26 00:31:48,2026-06-27 02:00:19,UTC+05:00,26,48,38,34.41,93.96,16.7,2660,173,60,2026-06-26 00:31:48,2026-06-26 13:11:18,66,16.1,575,759,311,112,152,184,595,127,75,41
2026-06-25 03:11:46,2026-06-26 00:31:48,UTC+05:00,32,47,77,33.95,94.63,5.0,1747,126,56,2026-06-25 03:11:46,2026-06-25 07:32:13,36,16.6,231,260,109,70,52,29,631,122,89,60
2026-06-24 01:53:14,2026-06-25 03:11:46,UTC+05:00,63,48,69,34.26,94.39,16.0,2665,173,60,2026-06-24 01:53:14,2026-06-24 09:58:37,84,16.8,434,485,222,114,98,51,625,117,89,88
2026-06-23 01:45:40,2026-06-24 01:53:14,UTC+05:00,55,45,64,34.15,93.53,15.9,2486,182,58,2026-06-23 01:45:40,2026-06-23 09:40:18,82,16.2,424,474,215,105,104,50,606,113,89,82
2026-06-22 01:43:06,2026-06-23 01:45:40,UTC+05:00,31,46,44,34.50,95.47,13.6,2309,172,57,2026-06-22 01:43:06,2026-06-22 09:59:43,76,16.5,418,496,163,129,126,78,595,127,84,74
2026-06-21 02:43:07,2026-06-22 01:43:06,UTC+05:00,29,47,45,34.43,92.50,4.2,1826,124,54,2026-06-21 02:43:07,2026-06-21 09:38:06,73,16.3,362,414,201,90,71,52,580,127,87,69
2026-06-20 02:48:05,2026-06-21 02:43:07,UTC+05:00,57,47,73,33.80,97.13,17.0,2705,184,63,2026-06-20 02:48:05,2026-06-20 10:52:57,77,16.3,433,484,213,98,122,51,641,123,89,68
2026-06-19 02:58:00,2026-06-20 02:48:05,UTC+05:00,31,46,53,34.63,92.64,17.3,2709,176,62,2026-06-19 02:58:00,2026-06-19 08:34:09,61,16.6,289,336,143,112,34,47,536,69,86,63
2026-06-18 00:40:59,2026-06-19 02:58:00,UTC+05:00,81,48,88,34.45,91.68,4.2,2088,123,55,2026-06-18 00:40:59,2026-06-18 09:54:31,85,16.9,488,553,290,90,108,65,596,67,88,84
2026-06-17 00:33:25,2026-06-18 00:40:59,UTC+05:00,92,48,99,34.49,94.75,18.8,3175,172,66,2026-06-17 00:33:25,2026-06-17 09:54:12,81,16.7,492,560,274,97,121,68,597,90,87,72
2026-06-16 01:46:23,2026-06-17 00:33:25,UTC+05:00,70,48,78,34.17,96.93,15.8,2303,172,61,2026-06-16 01:46:23,2026-06-16 09:54:58,82,16.9,442,488,250,58,134,46,582,74,90,74
2026-06-15 02:33:51,2026-06-16 01:46:23,UTC+05:00,48,48,61,34.53,92.11,15.9,2662,165,65,2026-06-15 02:33:51,2026-06-15 09:41:52,77,16.4,377,428,239,52,86,51,493,127,88,61
2026-06-14 02:20:49,2026-06-15 02:33:51,UTC+05:00,3,55,31,34.12,94.00,4.0,1930,111,54,2026-06-14 16:39:21,2026-06-14 18:23:51,24,17.3,101,104,52,29,20,3,595,127,97,
2026-06-13 01:57:21,2026-06-14 02:20:49,UTC+05:00,58,49,94,33.58,93.55,19.2,3186,178,71,2026-06-13 01:57:21,2026-06-13 07:44:57,58,16.9,310,347,170,74,66,37,643,127,89,79
2026-06-12 03:01:18,2026-06-13 01:57:21,UTC+05:00,20,50,56,34.24,90.67,17.0,2439,180,63,2026-06-12 03:01:18,2026-06-12 07:08:48,38,17.7,219,247,109,79,31,28,595,127,88,66
2026-06-11 01:28:48,2026-06-12 03:01:18,UTC+05:00,77,50,80,33.79,91.91,4.3,2037,118,58,2026-06-11 01:28:48,2026-06-11 08:29:19,74,17.0,398,420,171,88,139,22,633,119,94,67
2026-06-10 02:10:35,2026-06-11 01:28:48,UTC+05:00,61,51,70,34.85,94.10,16.6,2570,178,66,2026-06-10 02:10:35,2026-06-10 07:39:35,69,17.1,291,329,158,69,64,38,478,127,88,52
2026-06-09 01:40:33,2026-06-10 02:10:35,UTC+05:00,9,51,36,33.94,94.00,17.0,2671,181,63,2026-06-09 15:29:35,2026-06-09 18:16:09,26,16.6,165,166,76,61,28,1,593,127,99,
2026-06-08 01:53:02,2026-06-09 01:40:33,UTC+05:00,29,50,52,34.31,91.82,14.8,2369,181,62,2026-06-08 01:53:02,2026-06-08 06:22:02,43,17.0,247,269,130,74,43,22,571,103,91,48
2026-06-07 03:29:59,2026-06-08 01:53:02,UTC+05:00,20,50,29,33.88,92.63,4.2,1794,130,59,2026-06-07 03:29:59,2026-06-07 10:25:29,70,16.8,364,415,192,104,68,51,526,21,87,37
2026-06-05 23:36:54,2026-06-07 03:29:59,UTC+05:00,80,48,71,33.80,96.60,15.5,2927,178,63,2026-06-05 23:36:54,2026-06-06 09:04:12,77,16.5,508,567,290,87,131,59,542,111,89,39
2026-06-05 01:19:23,2026-06-05 23:36:54,UTC+05:00,6,56,63,34.53,89.00,16.5,2425,182,66,2026-06-05 16:32:53,2026-06-05 17:56:30,22,18.2,82,83,22,36,24,1,624,111,98,
2026-06-04 01:53:18,2026-06-05 01:19:23,UTC+05:00,5,52,32,34.23,94.50,1.6,1858,99,54,2026-06-04 14:05:48,2026-06-04 16:15:49,21,16.6,127,130,79,42,6,3,593,127,98,
2026-06-02 23:30:42,2026-06-04 01:53:18,UTC+05:00,56,50,73,34.20,93.92,17.3,3005,178,66,2026-06-02 23:30:42,2026-06-03 05:17:29,51,17.1,303,346,169,93,41,43,638,127,88,55
2026-06-02 01:10:07,2026-06-02 23:30:42,UTC+05:00,75,47,83,34.03,94.25,16.2,2488,181,63,2026-06-02 01:10:07,2026-06-02 07:08:08,65,16.7,333,358,195,75,63,25,619,123,93,68
2026-06-01 01:58:04,2026-06-02 01:10:07,UTC+05:00,48,47,63,33.72,92.33,14.1,2282,179,65,2026-06-01 01:58:04,2026-06-01 06:04:34,49,16.8,220,246,97,83,40,26,467,0,89,46
2026-05-31 01:02:30,2026-06-01 01:58:04,UTC+05:00,53,50,46,34.13,91.63,4.6,2007,138,59,2026-05-31 01:02:30,2026-05-31 10:52:14,88,16.9,512,589,257,115,140,77,497,5,87,
2026-05-29 22:52:03,2026-05-31 01:02:30,UTC+05:00,42,49,42,33.25,94.68,13.5,2382,149,62,2026-05-29 22:52:03,2026-05-30 07:56:24,97,16.2,491,544,228,125,138,53,502,0,90,
2026-05-29 00:00:00,2026-05-29 22:52:03,UTC+05:00,,,,,,0.1,571,105,57,,,,,,,,,,,,,,
